<keymap version="1" name="mchl.wu" parent="Mac OS X 10.5+">
  <action id="Back">
    <keyboard-shortcut first-keystroke="meta open_bracket" />
    <mouse-shortcut keystroke="button4" />
  </action>
  <action id="CodeCompletion">
    <keyboard-shortcut first-keystroke="alt slash" />
  </action>
  <action id="CompareTwoFiles">
    <keyboard-shortcut first-keystroke="alt d" />
  </action>
  <action id="Diff.ShowDiff">
    <keyboard-shortcut first-keystroke="alt d" />
  </action>
  <action id="EditorDeleteLine">
    <keyboard-shortcut first-keystroke="meta d" />
  </action>
  <action id="EditorDuplicate">
    <keyboard-shortcut first-keystroke="shift meta alt down" />
  </action>
  <action id="EditorDuplicateLines">
    <keyboard-shortcut first-keystroke="meta alt down" />
  </action>
  <action id="EditorSelectWord">
    <keyboard-shortcut first-keystroke="shift meta up" />
  </action>
  <action id="EditorUnSelectWord">
    <keyboard-shortcut first-keystroke="shift meta down" />
  </action>
  <action id="FileChooser.GotoDesktop">
    <keyboard-shortcut first-keystroke="alt d" />
  </action>
  <action id="ForceStepInto">
    <keyboard-shortcut first-keystroke="f8" />
  </action>
  <action id="Forward">
    <keyboard-shortcut first-keystroke="meta close_bracket" />
    <mouse-shortcut keystroke="button5" />
  </action>
  <action id="HippieCompletion" />
  <action id="IpnbMoveCellDownAction">
    <keyboard-shortcut first-keystroke="alt down" />
  </action>
  <action id="IpnbMoveCellUpAction">
    <keyboard-shortcut first-keystroke="meta up" />
  </action>
  <action id="MoveLineDown">
    <keyboard-shortcut first-keystroke="alt down" />
  </action>
  <action id="MoveLineUp">
    <keyboard-shortcut first-keystroke="alt up" />
  </action>
  <action id="MoveStatementDown" />
  <action id="MoveStatementUp" />
  <action id="NextOccurence">
    <keyboard-shortcut first-keystroke="shift alt down" />
  </action>
  <action id="NextProjectWindow">
    <keyboard-shortcut first-keystroke="meta back_quote" />
  </action>
  <action id="NextTab">
    <keyboard-shortcut first-keystroke="meta alt right" />
  </action>
  <action id="NextWindow">
    <keyboard-shortcut first-keystroke="meta alt back_quote" />
  </action>
  <action id="PreviousOccurence">
    <keyboard-shortcut first-keystroke="shift alt up" />
  </action>
  <action id="PreviousTab">
    <keyboard-shortcut first-keystroke="meta alt left" />
  </action>
  <action id="ResizeToolWindowUp" />
  <action id="SendEOF">
    <keyboard-shortcut first-keystroke="alt d" />
  </action>
  <action id="SmartTypeCompletion">
    <keyboard-shortcut first-keystroke="alt period" />
  </action>
  <action id="StepOver" />
  <action id="SwitchApply">
    <keyboard-shortcut first-keystroke="ctrl alt enter" />
  </action>
  <action id="SwitchDown">
    <keyboard-shortcut first-keystroke="ctrl alt down" />
  </action>
  <action id="SwitchLeft">
    <keyboard-shortcut first-keystroke="ctrl alt left" />
  </action>
  <action id="SwitchRight">
    <keyboard-shortcut first-keystroke="ctrl alt right" />
  </action>
  <action id="SwitchUp">
    <keyboard-shortcut first-keystroke="ctrl alt up" />
  </action>
</keymap>